학교종류,시도,학교명,본분교,학교상태,설립,주소,홈페이지
전문대학(3년제),강원,강원도립대학,본교,기존,공립,강원 강릉시 주문진읍 연주로 270,http://www.gw.ac.kr
전문대학(3년제),경북,경북도립대학교,본교,학교명 변경,공립,경북 예천군 예천읍 도립대학길 114(청복리947-1),www.gpc.ac.kr
전문대학(3년제),충남,충남도립청양대학,본교,기존,공립,충남 청양군 청양읍 충남도립청양대학 ,www.cyc.ac.kr
전문대학(3년제),경기,한국복지대학교,본교,기존,국립,경기 평택시 장안동 5-3,http://www.knuw.ac.kr
전문대학(3년제),경북,가톨릭상지대학교,본교,기존,사립,경북 안동시 상지길 45(율세동 393),www.csj.ac.kr
전문대학(3년제),전북,군산간호대학교,본교,기존,사립,전북 군산시 동개정길 7 (개정동),www.kcn.ac.kr
전문대학(3년제),경남,거제대학교,본교,기존,사립,경남 거제시 마전1길 91,www.koje.ac.kr
전문대학(3년제),부산,경남정보대학교,본교,기존,사립,부산광역시 사상구 주례로 45 경남정보대학교,www.kit.ac.kr
전문대학(3년제),경기,경민대학교,본교,기존,사립,경기 의정부시 서부로 545(가능3동 562-1) 경민대학,http://www.kyungmin.ac.kr
전문대학(3년제),경북,대구미래대학교,본교,기존,사립,경북 경산시 미래로 114 대구미래대학교 ,http://www.dfc.ac.kr
전문대학(3년제),경북,경북전문대학교,본교,기존,사립,경북 영주시 대학로 77 경북전문대학교,http://www.kbc.ac.kr
전문대학(3년제),경기,경복대학교,본교,기존,사립,경기 포천시 신북면 경복대학교 ,www.kbu.ac.kr
전문대학(3년제),인천,경인여자대학교,본교,기존,사립,인천 계양구 계산2동 548-4,www.kic.ac.kr
전문대학(3년제),경북,서라벌대학교,본교,기존,사립,경북 경주시 충효동 165번지 서라벌대학교,http://first.sorabol.ac.kr
전문대학(3년제),전남,광양보건대학교,본교,기존,사립,전남 광양시 광양읍 광양보건대학 ,www.kwangyang.ac.kr
전문대학(3년제),광주,광주보건대학교,본교,기존,사립,광주 광산구 신창동 광주보건대학,www.ghu.ac.kr
전문대학(3년제),전북,서해대학,본교,기존,사립,전북 군산시 서해대길 6(오룡동),www.sohae.ac.kr
전문대학(3년제),전북,군장대학교,본교,기존,사립,전북 군산시 성산면 군장대학 ,www.kunjang.ac.kr
전문대학(3년제),전남,고구려대학교,본교,기존,사립,전남 나주시 다시면 837-8번지 고구려대학교 ,http://www.kgrc.ac.kr
전문대학(3년제),광주,기독간호대학교,본교,기존,사립,광주 남구 백서로70번길 6(양림동 67) 기독간호대학교,ccn.ac.kr
전문대학(3년제),전북,전주기전대학,본교,기존,사립,전북 전주시 완산구 중화산동1가  177번지 전주기전대학,www.jk.ac.kr
전문대학(3년제),경기,김포대학교,본교,기존,사립,경기 김포시 월곶면 김포대학로 97 김포대학교,www.kimpo.ac.kr
전문대학(3년제),경기,농협대학교,본교,기존,사립,경기 고양시 덕양구 서삼릉길 281 (원당동),www.nonghyup.ac.kr
전문대학(3년제),대구,대구보건대학교,본교,기존,사립,대구 북구 영송로 15(태전동),www.dhc.ac.kr
전문대학(3년제),대구,수성대학교,본교,기존,사립,대구 수성구 달구벌대로 528길 15(만촌동) 수성대학교,WWW.SC.AC.KR
전문대학(3년제),경기,대림대학교,본교,기존,사립,경기 안양시 동안구 임곡로 29(비산동) 대림대학교 ,www.daelim.ac.kr
전문대학(3년제),대전,우송정보대학,본교,기존,사립,대전 동구 자양동 우송정보대학,www.wsi.ac.kr
전문대학(3년제),경기,동남보건대학교,본교,기존,사립,경기도 수원시 장안구 천천로 74번길 50 ,www.dongnam.ac.kr
전문대학(3년제),부산,동부산대학교,본교,기존,사립,부산광역시 해운대구 운봉길60,www.dpc.ac.kr
전문대학(3년제),경기,동아방송예술대학교,본교,기존,사립,경기 안성시 삼죽면 동아방송대학교 ,www.dima.ac.kr
전문대학(3년제),전남,동아인재대학교,본교,기존,사립,전남 영암군 학산면  영산로 76-57,www.dongac.ac.kr
전문대학(3년제),서울,동양미래대학교,본교,기존,사립,서울시 구로구 경인로 445 동양미래대학교 (고척동 62-160),http://www.dongyang.ac.kr/
전문대학(3년제),경기,동원대학교,본교,기존,사립,경기 광주시 곤지암읍 경충대로26 동원대학교,www.tw.ac.kr
전문대학(3년제),부산,동주대학교,본교,기존,사립,부산 사하구 사리로55번길 16(괴정동),http://www.dongju.ac.kr
전문대학(3년제),경남,마산대학교,본교,기존,사립,경남 창원시 마산회원구 내서읍 함마대로 2640(용담리),www.masan.ac.kr
전문대학(3년제),서울,명지전문대학,본교,기존,사립,서울 서대문구 가좌로 134 명지전문대학 ,www.mjc.ac.kr
전문대학(3년제),전남,목포과학대학교,본교,기존,사립,전남 목포시 영산로 413-1 (상동525),http://www.mokpo-c.ac.kr
전문대학(3년제),서울,배화여자대학교,본교,기존,사립,서울 종로구 필운대로 1길 34 배화여자대학교,www.baewha.ac.kr
전문대학(3년제),서울,삼육보건대학교,본교,학교명 변경,사립,서울 동대문구 휘경2동,http://www.shu.ac.kr
전문대학(3년제),광주,서영대학교,본교,기존,사립,광주광역시 북구 서강로 1,http://www.seoyeong.ac.kr
전문대학(3년제),서울,서울여자간호대학교,본교,기존,사립,서울 서대문구 홍제3동 서울여자간호대학,www.snjc.ac.kr
전문대학(3년제),경기,서울예술대학교,본교,기존,사립,경기 안산시 단원구 예술대학로 171,http://www.seoularts.ac.kr
전문대학(3년제),경북,성덕대학교,본교,기존,사립,경북 영천시 신녕면 화남리 1135-5,www.sdc.ac.kr
전문대학(3년제),광주,송원대학,본교,폐교,사립,광주 남구 송암로 73,www.songwon.ac.kr
전문대학(3년제),경기,수원과학대학교,본교,기존,사립,경기 화성시 정남면 보통리 수원과학대학,
전문대학(3년제),전남,청암대학교,본교,기존,사립,전남 순천시 녹색로 1641번지,www.scjc.ac.kr
전문대학(3년제),충남,신성대학교,본교,기존,사립,충남 당진시 정미면 대학로1 ,www.shinsung.ac.kr
전문대학(3년제),경북,안동과학대학교,본교,기존,사립,경북 안동시 서후면 서선길 189,www.asc.ac.kr
전문대학(3년제),경기,안산대학교,본교,기존,사립,경기 안산시 상록구 안산대학로 155(일동),www.ansan.ac.kr
전문대학(3년제),경기,연성대학교,본교,기존,사립,경기도 안양시 만안구 양화로37번길 34 연성대학교,www.yeonsung.ac.kr
전문대학(3년제),경남,연암공업대학,본교,기존,사립,경남 진주시 진주대로 629번길 35,www.yc.ac.kr
전문대학(3년제),강원,강릉영동대학교,본교,기존,사립,강원 강릉시 홍제동 1009번지,www.gyc.ac.kr
전문대학(3년제),경기,오산대학교,본교,기존,사립,경기 오산시 청학동 오산대학,www.osan.ac.kr
전문대학(3년제),경기,용인송담대학교,본교,기존,사립,경기 용인시 처인구 동부로 61 용인송담대학교,www.ysc.ac.kr
전문대학(3년제),울산,울산과학대학교,본교,기존,사립,울산 동구 봉수로 101(화정동 산160-1)번지,www.uc.ac.kr
전문대학(3년제),전북,원광보건대학교,본교,기존,사립,전라북도 익산시 익산대로 514,www.wkhc.ac.kr
전문대학(3년제),인천,인하공업전문대학,본교,기존,사립,인천 남구 용현동,http://www.inhatc.ac.kr
전문대학(3년제),서울,적십자간호대학,본교,폐교,사립,서울 종로구 경교장길8,http://redcross.cau.ac.kr
전문대학(3년제),제주,제주산업정보대학,본교,폐교,사립,제주 제주시 영평동 제주산업정보대학,www.jeju.ac.kr
전문대학(3년제),광주,조선간호대학교,본교,기존,사립,광주 동구 서석동 280번지,www.cnc.ac.kr
전문대학(3년제),경남,진주보건대학교,본교,기존,사립,경남 진주시 상봉서동 진주보건대학,www.jhc.ac.kr
전문대학(3년제),경남,창원문성대학,본교,기존,사립,경남 창원시 두대동 196 창원문성대학,http://www.cmu.ac.kr
전문대학(3년제),경기,청강문화산업대학교,본교,기존,사립,경기 이천시 마장면 청강로 162 청강문화산업대학,www.ck.ac.kr
전문대학(3년제),울산,춘해보건대학교,본교,기존,사립,울산 울주군 웅촌면 대학길 9 춘해보건대학교,http://www.ch.ac.kr
전문대학(3년제),경북,선린대학교,본교,기존,사립,경북 포항시 북구 흥해읍 선린대학 ,www.sunlin.ac.kr
전문대학(3년제),경북,포항대학교,본교,기존,사립,경북 포항시 북구 흥해읍 죽천리 산 55,www.pohang.ac.kr
전문대학(3년제),강원,한림성심대학교,본교,기존,사립,강원 춘천시 동면 장학길 48,http://www.hsc.ac.kr/
전문대학(3년제),충남,혜전대학교,본교,기존,사립,충남 홍성군 홍성읍 혜전대학,www.hj.ac.kr
전문대학(3년제),경기,서정대학교,본교,기존,사립,경기 양주시 은현면 화합로 1049-56,www.seojeong.ac.kr
전문대학(3년제),경기,웅지세무대학교,본교,기존,사립,경기 파주시 탄현면 웅지로 144번길 73,www.wat.ac.kr
전문대학(3년제),경남,김해대학교,본교,기존,사립,경남 김해시 삼안로 112번길 198,www.gimhae.ac.kr
전문대학(3년제),경기,한국농수산대학,본교,기존,국립,경기 화성시 봉담읍 동화리 11-1,www.af.ac.kr
전문대학(3년제),강원,한국골프대학,본교,기존,사립,강원 횡성군 우천면 하대리 281번지,www.kg.ac.kr
전문대학(2년제),강원,원주대학,본교,폐교,국립,강원 원주시 흥업면 원주대학,
전문대학(2년제),경기,한국철도대학,본교,폐교,국립,경기 의왕시 월암동 374-18 한국철도대학,www.krc.ac.kr
전문대학(2년제),경남,경남도립거창대학,본교,기존,공립,경남 거창군 거창읍 거창대학로 72,www.gc.ac.kr
전문대학(2년제),경남,경남도립남해대학,본교,기존,공립,경남 남해군 남해읍 남변리 195,www.namhae.ac.kr
전문대학(2년제),충북,충북도립대학,본교,기존,공립,충북 옥천군 옥천읍 대학길 15,http://www.cpu.ac.kr
전문대학(2년제),인천,인천전문대학,본교,폐교,공립,인천 남구 석정로 165,www.icc.ac.kr
전문대학(2년제),인천,가천길대학,본교,폐교,사립,인천 연수구 함박뫼로 191 가천의과학대학교 ,www.gachon.ac.kr
전문대학(2년제),경북,경산1대학교,본교,기존,사립,경북 경산시 하양읍 대경로 105길 19,www.gs.ac.kr
전문대학(2년제),경북,영남외국어대학,본교,기존,사립,경북 경산시 남천면 남천로 780-9 ,www.yflc.ac.kr
전문대학(2년제),경기,경원전문대학,본교,폐교,사립,경기 성남시 수정구 복정동 경원전문대학,
전문대학(2년제),대구,계명문화대학교,본교,학교명 변경,사립,대구 달서구 달서대로 675 계명문화대학교,www.kmcu.ac.kr
전문대학(2년제),경기,계원예술대학교,본교,기존,사립,경기도 의왕시 계원대학로 66 (내손동) 계원예술대학교,www.kaywon.ac.kr
전문대학(2년제),경북,구미대학교,본교,기존,사립,경북 구미시 야은로 37,www.kumi.ac.kr
전문대학(2년제),충북,강동대학교,본교,기존,사립,충북 음성군 감곡면 대학길 278번지 강동대학교,http://www.gangdong.ac.kr
전문대학(2년제),경북,김천과학대학교,본교,기존,사립,경북 김천시 삼락동 김천과학대학,www.kcs.ac.kr
전문대학(2년제),경북,김천대학,본교,폐교,사립,경북 김천시 대학로 214 김천대학,www.gimcheon.ac.kr
전문대학(2년제),경북,대경대학교,본교,기존,사립,경북 경산시 자인면 대경대학 ,www.tk.ac.kr
전문대학(2년제),대구,대구공업대학교,본교,기존,사립,대구 달서구 본동 대구공업대학교,www.ttc.ac.kr
전문대학(2년제),대구,대구과학대학교,본교,기존,사립,대구 북구 영송로 47번지,www.tsu.ac.kr
전문대학(2년제),부산,대동대학교,본교,기존,사립,부산 금정구 동부곡로 27번길 88 대동대학교,www.daedong.ac.kr
전문대학(2년제),충북,대원대학교,본교,기존,사립,충북 제천시 대학로 316 대원대학교,www.daewon.ac.kr
전문대학(2년제),경기,동서울대학교,본교,기존,사립,경기 성남시 수정구 복정로 76  ,www.dsc.ac.kr
전문대학(2년제),대전,대전보건대학교,본교,기존,사립,대전광역시 동구 충정로 21 (가양2동 77-3),www.hit.ac.kr
전문대학(2년제),대전,혜천대학교,본교,기존,사립,대전 서구 혜천로 100,www.hu.ac.kr
전문대학(2년제),충남,아주자동차대학,본교,기존,사립,충남 보령시 주포면 아주자동차대학,motor.ac.kr
전문대학(2년제),인천,인천재능대학교,본교,기존,사립,인천 동구 재담길2(송림동 122번지),www.jeiu.ac.kr
전문대학(2년제),경북,경북과학대학교,본교,기존,사립,경북 칠곡군 기산면 지산로 634,www.kbsc.ac.kr
전문대학(2년제),부산,동명대학,본교,폐교,사립,부산 남구 용당동 동명대학,
전문대학(2년제),광주,동강대학교,본교,기존,사립,광주 북구 동문대로 50,www.dkc.ac.kr
전문대학(2년제),강원,동우대학,본교,폐교,사립,강원 속초시 도리원길 5 동우대학,www.duc.ac.kr
전문대학(2년제),부산,동의과학대학교,본교,기존,사립,부산 부산진구 양지5로 152번지 동의과학대학교,www.dit.ac.kr
전문대학(2년제),경기,두원공과대학교,본교,기존,사립,경기 안성시 죽산면 관음당길 51 두원공과대학교,doowon.ac.kr
전문대학(2년제),경북,문경대학교,본교,기존,사립,경북 문경시 호계면 대학길 161,www.mkc.ac.kr
전문대학(2년제),전북,백제예술대학교,본교,기존,사립,전북 완주군 봉동읍 백제예술대학 ,www.paekche.ac.kr
전문대학(2년제),전북,벽성대학,본교,기존,사립,전북 김제시 공덕면 유강3길 133 벽성대학,www.bs.ac.kr
전문대학(2년제),부산,부산경상대학교,본교,기존,사립,부산 연제구 고분로170 부산경상대학교,www.bsks.ac.kr
전문대학(2년제),부산,부산여자대학교,본교,기존,사립,부산 부산진구 양정1동 부산여자대학교,www.bwc.ac.kr
전문대학(2년제),부산,부산과학기술대학교,본교,기존,사립,부산 북구 구포3동 산48-6,bist.ac.kr
전문대학(2년제),경기,부천대학교,본교,기존,사립,경기 부천시 원미구 신흥로 56번길 25(심곡동) 부천대학교,www.bc.ac.kr
전문대학(2년제),경기,삼육의명대학,본교,폐교,사립,경기 남양주시 별내면 삼육의명대학,http://www.syc.edu
전문대학(2년제),강원,상지영서대학교,본교,기존,사립,강원 원주시 상지대길 84(우산동),www.sy.ac.kr
전문대학(2년제),경기,서울보건대학,본교,폐교,사립,경기 성남시 수정구 양지동 서울보건대학,www.shjc.ac.kr
전문대학(2년제),서울,서일대학교,본교,학교명 변경,사립,서울 중랑구 서일대학길 22(면목동 49-3) 서일대학교,www.seoil.ac.kr
전문대학(2년제),부산,성심외국어대학,본교,폐교,사립,부산 해운대구 반송3동 성심외국어대학,www.sungsim.ac.kr
전문대학(2년제),경기,수원여자대학교,본교,기존,사립,경기 수원시 권선구 오목천동 수원여자대학 ,www.swc.ac.kr
전문대학(2년제),전남,순천제일대학교,본교,기존,사립,전남 순천시 덕월동 순천제일대학 산9-3번지,www.suncheon.ac.kr
전문대학(2년제),서울,숭의여자대학교,본교,기존,사립,서울특별시 중구 소파로2길 10(예장동),www.sewc.ac.kr
전문대학(2년제),경기,신구대학교,본교,기존,사립,경기 성남시 중원구 광명로 377,www.shingu.ac.kr
전문대학(2년제),경기,신흥대학교,본교,기존,사립,경기 의정부시 호암로 95번지,www.shc.ac.kr
전문대학(2년제),경기,신안산대학교,본교,기존,사립,경기 안산시 단원구 신안산대학로 135,www.sau.ac.kr
전문대학(2년제),경남,양산대학교,본교,기존,사립,경남 양산시 명곡로 321번지 양산대학,www.yangsan.ac.kr
전문대학(2년제),경기,여주대학교,본교,기존,사립,경기 여주군 여주읍 세종로 338번지,www.yit.ac.kr
전문대학(2년제),충남,천안연암대학,본교,기존,사립,충남 천안시 성환읍 연암로 313 천안연암대학,www.yonam.ac.kr
전문대학(2년제),대구,영남이공대학교,본교,기존,사립,대구광역시 남구 현충로 170(대명동),www.ync.ac.kr
전문대학(2년제),강원,세경대학교,본교,기존,사립,강원 영월군 영월읍 하송로 197,www.saekyung.ac.kr
전문대학(2년제),대구,영진전문대학,본교,기존,사립,대구 북구 복현로 35(복현동 218번지),http://www.yjc.ac.kr
전문대학(2년제),세종,한국영상대학교,본교,학교명 변경,사립,세종특별자치시 장군면 대학길 300 한국영상대학교,www.pro.ac.kr
전문대학(2년제),경기,유한대학교,본교,기존,사립,경기 부천시 소사구 괴안동 185-34(경인로 590),www.yuhan.ac.kr
전문대학(2년제),서울,인덕대학교,본교,기존,사립,서울 노원구 초안산로 12,www.induk.ac.kr
전문대학(2년제),경기,장안대학교,본교,기존,사립,경기 화성시 봉담읍 삼천병마로 1182 장안대학교,www.jangan.ac.kr
전문대학(2년제),전남,전남과학대학교,본교,기존,사립,전남 곡성군 옥과면 대학로 113,www.chunnam-c.ac.kr
전문대학(2년제),전북,전주비전대학교,본교,기존,사립,전북 전주시 완산구 효자동2가 전주비전대학교,www.jvision.ac.kr
전문대학(2년제),전북,전북과학대학교,본교,기존,사립,전북 정읍시 시기3동 전북과학대학교,www.jbsc.ac.kr
전문대학(2년제),제주,제주관광대학교,본교,기존,사립,제주특별자치도 제주시 애월읍 광령리 2535 제주관광대학교,www.ctc.ac.kr
전문대학(2년제),광주,조선이공대학교,본교,기존,사립,광주 동구 필문대로 309-1 조선이공대학교,www.cst.ac.kr
전문대학(2년제),충북,충북보건과학대학교,본교,기존,사립,충북 청원군 내수읍 덕암리 산 4번지,www.chsu.ac.kr
전문대학(2년제),대전,우송공업대학,본교,폐교,사립,대전 동구 자양동 우송공업대학,www.wst.ac.kr
전문대학(2년제),경남,창신대학,본교,폐교,사립,경남 창원시 마산회원구 팔용로 262 창신대학 ,www.csc.ac.kr
전문대학(2년제),충남,백석문화대학교,본교,기존,사립,충남 천안시 안서동 백석문화대학,www.bscu.ac.kr
전문대학(2년제),대전,대덕대학교,본교,기존,사립,대전광역시 유성구 가정북로 68 대덕대학교,www.ddc.ac.kr
전문대학(2년제),충북,충청대학교,본교,기존,사립,충북 청원군 강내면 충청대학,www.ok.ac.kr
전문대학(2년제),강원,강원관광대학교,본교,기존,사립,강원 태백시 황지동 439번지,www.kt.ac.kr
전문대학(2년제),경기,국제대학교,본교,기존,사립,경기 평택시 장안웃길 56번지,www.kookje.ac.kr
전문대학(2년제),제주,제주한라대학교,본교,기존,사립,제주특별자치도 제주시 한라대학로 38,www.chu.ac.kr
전문대학(2년제),서울,한양여자대학교,본교,기존,사립,서울 성동구 행당동 살곶이길 200,www.hywoman.ac.kr
전문대학(2년제),전남,한영대학,본교,기존,사립,전남 여수시 여서동 한영대학,www.hanyeong.ac.kr
전문대학(2년제),경기,경기과학기술대학교,본교,기존,사립,경기 시흥시 경기과기대로 269 (정왕동 2121-3),www.gtec.ac.kr
전문대학(2년제),부산,부산예술대학교,본교,기존,사립,부산 남구 대연5동 1552,www.busanarts.ac.kr
전문대학(2년제),전남,전남도립대학교,본교,기존,공립,전남 담양군 담양읍 죽녹원로 152,www.dorip.ac.kr
전문대학(2년제),강원,송호대학교,본교,기존,사립,강원 횡성군 횡성읍 남산로 210,www.songho.ac.kr
전문대학(2년제),경기,한국관광대학교,본교,기존,사립,경기 이천시 신둔면 고척리 한국관광대학교,www.ktc.ac.kr
전문대학(2년제),강원,송곡대학교,본교,기존,사립,강원 춘천시 남산면 한치로 69-67,www.songgok.ac.kr
전문대학(2년제),경남,한국승강기대학교,본교,기존,사립,경남 거창군 거창읍 운정1길 120,http://www.klc.ac.kr
교육대학,충남,공주교육대학교,본교,기존,국립,충남 공주시 봉황동 공주교육대학교,www.gjue.ac.kr
교육대학,광주,광주교육대학교,본교,기존,국립,광주광역시 북구 필문대로55  광주교육대학교,www.gnue.ac.kr
교육대학,대구,대구교육대학교,본교,기존,국립,대구 남구 중앙대로 219,http://www.dnue.ac.kr
교육대학,부산,부산교육대학교,본교,기존,국립,부산 연제구 교대로 24번지(거제1동) 부산교육대학교 ,www.bnue.ac.kr
교육대학,서울,서울교육대학교,본교,기존,국립,서울 서초구 서초중앙로 96(서초동 1650),www.snue.ac.kr
교육대학,인천,경인교육대학교,본교,기존,국립,인천 계양구 계산1동 산59-12,www.ginue.ac.kr
교육대학,경기,경인교육대학교,제2캠퍼스,기존,국립,경기 안양시 만안구 석수동 6-8번지,www.ginue.ac.kr
교육대학,전북,전주교육대학교,본교,기존,국립,전북 전주시 완산구 동서학동 전주교육대학교 ,www.jnue.kr
교육대학,경남,진주교육대학교,본교,기존,국립,경남 진주시 신안동 진주교육대학교,www.cue.ac.kr
교육대학,충북,청주교육대학교,본교,기존,국립,충북 청주시 흥덕구 수곡동 135,www.cje.ac.kr
교육대학,강원,춘천교육대학교,본교,기존,국립,강원도 춘천시 공지로 126 춘천교육대학교,www.cnue.ac.kr
일반대학,강원,강릉원주대학교,본교,기존,국립,강원 강릉시 지변동 강릉원주대학교 ,www.gwnu.ac.kr
일반대학,강원,강릉원주대학교,제2캠퍼스,기존,국립,강원 원주시 남원로 901 강릉원주대학교 원주캠퍼스,www.gwnu.ac.kr
일반대학,강원,강원대학교,본교,기존,국립,강원 춘천시 강원대학길1(효자동) 강원대학교,http://www.kangwon.ac.kr/
일반대학,강원,강원대학교,제2캠퍼스,기존,국립,강원 삼척시 중앙로 346(교동 산 253),http://samcheok.kangwon.ac.kr/
일반대학,대구,경북대학교,본교,기존,국립,대구광역시 북구 대학로 80 경북대학교 ,www.knu.ac.kr
일반대학,경북,경북대학교,제2캠퍼스,폐교,국립,경북 상주시 경상대로 2559 ,http://www.knu.ac.kr/
일반대학,경남,경상대학교,본교,기존,국립,경남 진주시 진주대로 501,www.gnu.ac.kr
일반대학,충남,공주대학교,본교,기존,국립,충남 공주시 신관동  182 번지 공주대학교,www.kongju.ac.kr
일반대학,전북,군산대학교,본교,기존,국립,전라북도 군산시 대학로 558(미룡동 군산대학교),http://kunsan.ac.kr
일반대학,경북,금오공과대학교,본교,기존,국립,경북 구미시 대학로 61 금오공과대학교,www.kumoh.ac.kr
일반대학,전남,목포대학교,본교,기존,국립,전남 무안군 청계면 도림리 목포대학교,www.mokpo.ac.kr
일반대학,전남,목포해양대학교,본교,기존,국립,전라남도 목포시 해양대학로 91 목포해양대학교,www.mmu.ac.kr
일반대학,부산,부경대학교,본교,기존,국립,부산 남구 대연3동 599-1 부경대학교,www.pknu.ac.kr
일반대학,부산,부산대학교,본교,기존,국립,부산 금정구 장전2동 산30 부산대학교 부산캠퍼스,www.pusan.ac.kr
일반대학,서울,서울대학교,본교,기존,국립대법인,서울 관악구 관악로 1 서울대학교,www.snu.ac.kr
일반대학,전남,순천대학교,본교,기존,국립,전남 순천시 매곡동 순천대학교,www.sunchon.ac.kr
일반대학,경북,안동대학교,본교,기존,국립,경북 안동시 경동로 1375(송천동) 안동대학교,www.andong.ac.kr
일반대학,광주,전남대학교,본교,기존,국립,광주 북구 용봉로 333,www.chonnam.ac.kr
일반대학,전남,전남대학교,제2캠퍼스,기존,국립,전남 여수시 둔덕동 산96-1,www.chonnam.ac.kr
일반대학,전북,전북대학교,본교,기존,국립,전북 전주시 덕진구 덕진동1가 전북대학교,www.jbnu.ac.kr
일반대학,제주,제주대학교,본교,기존,국립,제주특별자치도 제주시 아라1동 제주대학로 102,www.jejunu.ac.kr
일반대학,경남,창원대학교,본교,기존,국립,경남 창원시 의창구 창원대학로 20,www.changwon.ac.kr
일반대학,대전,충남대학교,본교,기존,국립,대전 유성구 궁동 충남대학교,http://www.cnu.ac.kr
일반대학,충북,충북대학교,본교,기존,국립,충북 청주시 흥덕구 내수동로 52(개신동),www.chungbuk.ac.kr
일반대학,충북,한국교원대학교,본교,기존,국립,충북 청원군 강내면 한국교원대학교,www.knue.ac.kr
일반대학,서울,한국체육대학교,본교,기존,국립,서울 송파구 오륜동 한국체육대학교,www.knsu.ac.kr/
일반대학,부산,한국해양대학교,본교,기존,국립,부산 영도구 동삼2동 한국해양대학교,www.hhu.ac.kr
일반대학,충북,한국교통대학교,본교,기존,국립,충북 충주시 대소원면 대학로 50 ,www.ut.ac.kr
일반대학,경남,경남과학기술대학교,본교,기존,국립,경남 진주시 동진로33 경남과학기술대학교,http://www.gntech.ac.kr
일반대학,서울,서울과학기술대학교,본교,학제 변경,국립,서울 노원구 공릉로 232 (공릉동 172),www.seoultech.ac.kr
일반대학,경기,한경대학교,본교,기존,국립,경기 안성시 중앙로 327(석정동),www.hknu.ac.kr
일반대학,대전,한밭대학교,본교,기존,국립,대전 유성구 덕명동 한밭대학교 ,www.hanbat.ac.kr
일반대학,서울,서울시립대학교,본교,기존,공립,서울 동대문구 서울시립대로 163 (전농동 90번지) ,www.uos.ac.kr
일반대학,인천,인천대학교,본교,기존,국립대법인,인천 연수구 아카데미로 119 ,www.incheon.ac.kr
일반대학,경북,가야대학교,본교,기존,사립,경북 고령군 고령읍 대가야로 1103,WWW.KAYA.AC.KR
일반대학,경남,가야대학교,제2캠퍼스,기존,사립,경남 김해시 삼계로 208 (삼계동),WWW.KAYA.AC.KR
일반대학,경기,가톨릭대학교,본교,기존,사립,경기 부천시 원미구 역곡2동 가톨릭대학교 성심교정 ,www.catholic.ac.kr
일반대학,서울,가톨릭대학교,제2캠퍼스,기존,사립,서울 서초구 반포동 505,songeui.catholic.ac.kr
일반대학,서울,가톨릭대학교,제3캠퍼스,기존,사립,서울 종로구 창경궁로 296-12(혜화동) ,http://catholic.ac.kr
일반대학,서울,감리교신학대학교,본교,기존,사립,서울 서대문구 냉천동 감리교신학대학,www.mtu.ac.kr
일반대학,경기,강남대학교,본교,기존,사립,경기 용인시 기흥구 구갈동 111번지 강남대학교,www.kangnam.ac.kr
일반대학,서울,건국대학교,본교,기존,사립,서울 광진구 화양동,www.konkuk.ac.kr
일반대학,충북,건국대학교,분교1,기존,사립,충북 충주시 충원대로 268 건국대학교 GLOCAL캠퍼스,www.kku.ac.kr
일반대학,충남,건양대학교,본교,기존,사립,충남 논산시 내동 건양대학교,www.konyang.ac.kr
일반대학,대전,건양대학교,제2캠퍼스,기존,사립,대전 서구 가수원동 685번지,www.konyang.ac.kr
일반대학,경기,경기대학교,본교,기존,사립,경기 수원시 영통구 광교산로 154-42 경기대학교,www.kyonggi.ac.kr
일반대학,서울,경기대학교,제2캠퍼스,기존,사립,서울 서대문구 경기대로9길 24 경기대학교,www.kyonggi.ac.kr
일반대학,경남,경남대학교,본교,기존,사립,경남 창원시 마산합포구 경남대학로 7(월영동),www.kyungnam.ac.kr
일반대학,강원,경동대학교,본교,기존,사립,강원 고성군 토성면 봉포4길 46(산91-1),
일반대학,강원,경동대학교,제2캠퍼스,기존,사립,강원 속초시 도리원길 5 (산244번지),
일반대학,강원,경동대학교,제3캠퍼스,기존,사립,강원 원주시 문막읍 견훤로 815 (산58-2),
일반대학,경북,대구한의대학교,본교,기존,사립,경북 경산시 유곡동 대구한의대학교,www.dhu.ac.kr
일반대학,부산,경성대학교,본교,기존,사립,부산광역시 남구 수영로 309(대연동),http://ks.ac.kr
일반대학,경기,가천대학교,본교,기존,사립,경기 성남시 수정구 성남대로 1342 (복정동),www.gachon.ac.kr
일반대학,경북,경일대학교,본교,기존,사립,경북 경산시 하양읍 경일대학교,www.kiu.ac.kr
일반대학,경북,경주대학교,본교,기존,사립,경북 경주시 태종로 188 경주대학교,www.gju.ac.kr
일반대학,서울,경희대학교,본교,기존,사립,서울 동대문구 회기동 경희대학교,www.khu.ac.kr
일반대학,대구,계명대학교,본교,기존,사립,대구 달서구 달구벌대로 1095 계명대학교 성서캠퍼스,www.kmu.ac.kr
일반대학,서울,고려대학교,본교,기존,사립,서울 성북구 안암동 고려대학교,www.korea.ac.kr
일반대학,세종,고려대학교 세종캠퍼스,분교1,기존,사립,세종특별자치시 조치원읍 서창리 고려대학교세종캠퍼스 ,sejong.korea.ac.kr
일반대학,부산,고신대학교,본교,기존,사립,부산 영도구 동삼동  149-1,www.kosin.ac.kr
일반대학,강원,관동대학교,본교,기존,사립,강원도 강릉시 범일로 579번길 24(내곡동),www.kd.ac.kr
일반대학,광주,광신대학교,본교,기존,사립,광주 북구 본촌동 산70 광신대학교,www.kwangshin.ac.kr
일반대학,서울,광운대학교,본교,기존,사립,서울특별시 노원구 월계동 447-1,http://www.kw.ac.kr
일반대학,전남,광주가톨릭대학교,본교,기존,사립,전남 나주시 남평읍 광주가톨릭대학교,www.gjcatholic.ac.kr
일반대학,광주,광주여자대학교,본교,기존,사립,광주 광산구 산정동 광주여자대학교,www.kwu.ac.kr
일반대학,서울,국민대학교,본교,기존,사립,서울 성북구 정릉3동 국민대학교,www.kookmin.ac.kr
일반대학,서울,그리스도대학교,본교,기존,사립,서울 강서구 화곡6동 그리스도대학교,kcu.ac.kr
일반대학,충북,극동대학교,본교,기존,사립,충북 음성군 감곡면 왕장리 극동대학교,www.kdu.ac.kr
일반대학,충남,나사렛대학교,본교,기존,사립,충남 천안시 쌍용2동 456번 나사렛대학교,www.kornu.ac.kr
일반대학,경기,단국대학교,본교,기존,사립,경기 용인시 수지구 죽전동 126번지,http://www.dankook.ac.kr
일반대학,충남,단국대학교,분교1,기존,사립,충남 천안시 동남구 안서동 산29번지,www.dankook.ac.kr
일반대학,경북,대구대학교,본교,기존,사립,경북 경산시 진량읍 대구대학교경산캠퍼스,www.daegu.ac.kr
일반대학,경북,대구예술대학교,본교,기존,사립,경상북도 칠곡군 가산면 다부 거문1길 202,www.dgau.ac.kr
일반대학,경북,대구가톨릭대학교,본교,기존,사립,경북 경산시 하양읍 하양로 13-13,www.cu.ac.kr
일반대학,전남,세한대학교,본교,기존,사립,전남 영암군 삼호읍 녹색로 1113,http://www.sehan.ac.kr
일반대학,경북,대신대학교,본교,기존,사립,경북 경산시 백천동 대신대학교,www.daeshin.ac.kr
일반대학,세종,대전가톨릭대학교,본교,기존,사립,세종특별자치시 전의면 가톨릭대학로 30,dcatholic.ac.kr
일반대학,대전,대전대학교,본교,기존,사립,대전 동구 대학로 62 (용운동) 대전대학교,www.dju.ac.kr
일반대학,경기,대진대학교,본교,기존,사립,경기 포천시 호국로 1007 대진대학교,www.daejin.ac.kr
일반대학,서울,서울기독대학교,본교,기존,사립,서울 은평구 갈현로 4길 26-2호,www.scu.ac.kr
일반대학,서울,덕성여자대학교,본교,기존,사립,서울특별시 도봉구 삼양로 144길 33,http://www.duksung.ac.kr
일반대학,서울,동국대학교,본교,기존,사립,서울 중구 필동3가 동국대학교,http://www.dongguk.edu
일반대학,경북,동국대학교,분교1,기존,사립,경북 경주시 동대로 123번지 동국대학교 경주캠퍼스,web.dongguk.ac.kr
일반대학,서울,동덕여자대학교,본교,기존,사립,서울 성북구 하월곡2동 동덕여자대학교,www.dongduk.ac.kr
일반대학,부산,동서대학교,본교,기존,사립,부산 사상구 주례2동 동서대학교,www.dongseo.ac.kr
일반대학,전남,동신대학교,본교,기존,사립,전남 나주시 대호동 동신대학교,http://www.dsu.ac.kr
일반대학,부산,동아대학교,본교,기존,사립,부산 사하구 하단2동 동아대학교,www.donga.ac.kr
일반대학,경북,동양대학교,본교,기존,사립,경북 영주시 풍기읍 동양대학교,www.dyu.ac.kr
일반대학,부산,동의대학교,본교,기존,사립,부산 부산진구 엄광로 176 동의대학교,www.deu.ac.kr
일반대학,경기,루터대학교,본교,기존,사립,경기 용인시 기흥구 상갈동 금화로82번길 20 루터대학교,www.ltu.ac.kr
일반대학,서울,명지대학교 인문캠퍼스,제2캠퍼스,기존,사립,서울 서대문구 남가좌동 50-3,www.mju.ac.kr
일반대학,경기,명지대학교 자연캠퍼스,본교,기존,사립,경기 용인시 처인구 남동 산 38-2,www.mju.ac.kr
일반대학,대전,목원대학교,본교,기존,사립,대전 서구 목원길21(도안동) 목원대학교,www.mokwon.ac.kr
일반대학,대전,배재대학교,본교,기존,사립,대전 서구 배재로 155-40(도마동),www.pcu.ac.kr
일반대학,부산,부산가톨릭대학교,본교,기존,사립,부산 금정구 부곡3동 9번지 부산가톨릭대학교,www.cup.ac.kr
일반대학,부산,부산외국어대학교,본교,기존,사립,부산 남구 석포로 15 부산외국어대학교,www.bufs.ac.kr
일반대학,서울,삼육대학교,본교,기존,사립,서울시 노원구 화랑로 815(공릉2동 26-21),http://www.syu.ac.kr
일반대학,서울,상명대학교,본교,기존,사립,서울 종로구 홍지동 상명대학교,www.smu.ac.kr
일반대학,충남,상명대학교,분교1,기존,사립,충남 천안시 동남구 상명대길 31,www.smu.ac.kr
일반대학,강원,상지대학교,본교,기존,사립,강원도 원주시 상지대길 83번지(우산동),www.sangji.ac.kr
일반대학,서울,서강대학교,본교,기존,사립,서울 마포구 신수동 서강대학교,www.sogang.ac.kr
일반대학,서울,서경대학교,본교,기존,사립,서울 성북구 정릉4동 서경대학교,http://www.skuniv.ac.kr
일반대학,전북,서남대학교,본교,기존,사립,전북 남원시 광치동 서남대학교,www.seonam.ac.kr
일반대학,충남,서남대학교,제2캠퍼스,기존,사립,충남 아산시 송악면 평촌리 산 36-1,asan.seonam.ac.kr
일반대학,경기,서울신학대학교,본교,기존,사립,경기 부천시 소사구 소사본동 101,www.stu.ac.kr
일반대학,서울,서울여자대학교,본교,기존,사립,서울특별시 노원구 화랑로 621 서울여자대학교,www.swu.ac.kr
일반대학,경기,서울장신대학교,본교,기존,사립,경기 광주시 경안로 145 (경안동 219-1) 서울장신대학교,www.sjs.ac.kr
일반대학,충북,서원대학교,본교,기존,사립,충북 청주시 흥덕구 모충동 서원대학교,www.seowon.ac.kr
일반대학,충남,선문대학교,본교,기존,사립,충남 아산시 탕정면 선문대학교,www.sunmoon.ac.kr
일반대학,경기,성결대학교,본교,기존,사립,경기 안양시 만안구 성결대학교로 53,www.sungkyul.edu
일반대학,서울,성공회대학교,본교,기존,사립,서울 구로구 항동 성공회대학교,www.skhu.ac.kr
일반대학,서울,성균관대학교,본교,기존,사립,서울 종로구 명륜동3가 성균관대학교,http://www.skku.edu
일반대학,서울,성신여자대학교,본교,기존,사립,서울 성북구 동선동3가 성신여자대학교,www.sungshin.ac.kr
일반대학,충북,세명대학교,본교,기존,사립,충북 제천시 신월동 세명대학교,www.semyung.ac.kr
일반대학,서울,세종대학교,본교,기존,사립,서울 광진구 군자동 세종대학교,www.sejong.ac.kr
일반대학,경기,수원가톨릭대학교,본교,기존,사립,경기 화성시 봉담읍 왕림1길 67,www.suwoncatholic.ac.kr
일반대학,경기,수원대학교,본교,기존,사립,경기 화성시 봉담읍 와우리 와우안길 17,suwon.ac.kr
일반대학,서울,숙명여자대학교,본교,기존,사립,서울 용산구 청파로47길 100 숙명여자대학교,http://www.sookmyung.ac.kr/
일반대학,충남,순천향대학교,본교,기존,사립,충남 아산시 신창면 순천향로 22,www.sch.ac.kr
일반대학,서울,숭실대학교,본교,기존,사립,서울 동작구 상도동 511 숭실대학교,www.ssu.ac.kr
일반대학,부산,신라대학교,본교,기존,사립,부산광역시 사상구 백양대로 700번길 140(괘법동),www.silla.ac.kr
일반대학,경기,아세아연합신학대학교,본교,기존,사립,경기 양평군 옥천면 아신리 산151-1 아세아연합신학대학교 ,
일반대학,경기,아주대학교,본교,기존,사립,경기도 수원시 영통구 원천동 산 5번지 아주대학교,www.ajou.ac.kr
일반대학,경기,안양대학교,본교,기존,사립,경기 안양시 만안구 안양5동 안양대학교 708-113번지,www.anyang.ac.kr
일반대학,인천,안양대학교,제2캠퍼스,기존,사립,인천 강화군 불은면 삼성리 산102번지,http//www.anyang.ac.kr
일반대학,서울,연세대학교,본교,기존,사립,서울 서대문구 신촌동 연세대학교,www.yonsei.ac.kr
일반대학,강원,연세대학교 원주캠퍼스,분교1,기존,사립,강원도 원주시 연세대길 1,www.yonsei.ac.kr/wonju
일반대학,경북,영남대학교,본교,기존,사립,경상북도 경산시 대학로 280 영남대학교,http://www.yu.ac.kr
일반대학,경북,영남신학대학교,본교,기존,사립,경북 경산시 진량읍 영남신학대학교,www.ytus.ac.kr
일반대학,충북,영동대학교,본교,기존,사립,충북 영동군 영동읍 영동대학교,www.youngdong.ac.kr
일반대학,전남,영산선학대학교,본교,기존,사립,전남 영광군 백수읍 성지로 1357,http://www.youngsan.ac.kr
일반대학,경기,용인대학교,본교,기존,사립,경기 용인시 처인구 삼가동 용인대학교 ,www.yongin.ac.kr
일반대학,전북,우석대학교,본교,기존,사립,전북 완주군 삼례읍 우석대학교,www.woosuk.ac.kr
일반대학,울산,울산대학교,본교,기존,사립,울산 남구 대학로 93 울산대학교,www.ulsan.ac.kr
일반대학,전북,원광대학교,본교,기존,사립,전북 익산시 신용동 원광대학교 ,http://www.wonkwang.ac.kr
일반대학,경북,위덕대학교,본교,기존,사립,경북 경주시 강동면 동해대로 261,www.uu.ac.kr
일반대학,대전,을지대학교 대전캠퍼스,본교,기존,사립,대전 중구 용두동 을지대학교대전캠퍼스 ,www.eulji.ac.kr
일반대학,경기,을지대학교 성남캠퍼스,제2캠퍼스,기존,사립,경기 성남시 수정구 양지동 212,www.eulji.ac.kr
일반대학,서울,이화여자대학교,본교,기존,사립,서울 서대문구 대현동 11-1 이화여자대학교,www.ewha.ac.kr
일반대학,경남,인제대학교,본교,기존,사립,경남 김해시 어방동 인제대학교,http://www.inje.ac.kr
일반대학,부산,인제대학교,제2캠퍼스,기존,사립,부산 부산진구 개금동 633-165,www.inje.ac.kr
일반대학,인천,인천가톨릭대학교,본교,기존,사립,인천광역시 강화군 양도면 고려왕릉로 53,www.iccu.ac.kr
일반대학,인천,인천가톨릭대학교,제2캠퍼스,기존,사립,인천광역시 연수구 해송로 12(송도동),
일반대학,인천,인하대학교,본교,기존,사립,인천 남구 용현동,www.inha.ac.kr
일반대학,서울,장로회신학대학교,본교,기존,사립,서울 광진구 광장로 5길 25-1(광장동) 장로회신학대학교,www.pcts.ac.kr
일반대학,전북,전주대학교,본교,기존,사립,전북 전주시 완산구 천잠로 303 전주대학교,www.jj.ac.kr
일반대학,광주,조선대학교,본교,기존,사립,광주 동구 서석동 조선대학교,chosun.ac.kr
일반대학,충남,중부대학교,본교,기존,사립,충남 금산군 추부면 중부대학교,www.joongbu.ac.kr
일반대학,서울,중앙대학교 서울캠퍼스,본교,기존,사립,서울 동작구 흑석로 84,www.cau.ac.kr
일반대학,경기,중앙대학교 안성캠퍼스,제2캠퍼스,기존,사립,경기 안성시 대덕면 서동대로 4726,www.cau.ac.kr
일반대학,경기,중앙승가대학교,본교,기존,사립,경기 김포시 승가로 123 (풍무동),http://www.sangha.ac.kr
일반대학,충남,백석대학교,본교,기존,사립,충남 천안시 안서동 문암로 76  백석대학교,www.bu.ac.kr
일반대학,충북,청주대학교,본교,기존,사립,충북 청주시 상당구 대성로 298(내덕동),www.cju.ac.kr
일반대학,서울,총신대학교,본교,기존,사립,서울 동작구 사당동 산31-3,http://www.chongshin.ac.kr
일반대학,서울,추계예술대학교,본교,기존,사립,서울 서대문구 북아현동 190-1 추계예술대학교,www.chugye.ac.kr
일반대학,대전,침례신학대학교,본교,기존,사립,대전광역시 유성구 북유성대로 190(하기동 산 14번지),www.kbtus.ac.kr
일반대학,경기,칼빈대학교,본교,기존,사립,경기 용인시 기흥구 마북동 142-12,www.calvin.ac.kr
일반대학,제주,탐라대학교,본교,폐교,사립,제주 서귀포시 하원동 산70번지,www.jeju.ac.kr
일반대학,경기,평택대학교,본교,기존,사립,경기 평택시 용이동 평택대학교,www.ptu.ac.kr
일반대학,경기,차의과학대학교,본교,기존,사립,경기 포천시 해룡로 120,www.cha.ac.kr
일반대학,경북,포항공과대학교,본교,기존,사립,경상북도 포항시 남구 효자동 산 31번지,www.postech.ac.kr
일반대학,충남,한국기술교육대학교,본교,기존,사립,충남 천안시 동남구 병천면 충절로 1600,www.koreatech.ac.kr
일반대학,서울,한국성서대학교,본교,기존,사립,서울 노원구 상계7동 한국성서대학교,www.bible.ac.kr
일반대학,서울,한국외국어대학교,본교,기존,사립,서울 동대문구 이문로 107,http://www.hufs.ac.kr
일반대학,경기,한국외국어대학교,분교1,기존,사립,경기 용인시 모현면 외대로81,http://www.hufs.ac.kr
일반대학,경기,한국항공대학교,본교,기존,사립,경기 고양시 덕양구 항공대학로 76,www.kau.ac.kr
일반대학,대전,한남대학교,본교,기존,사립,대전 대덕구 오정동 한남대학교,www.hannam.ac.kr
일반대학,경북,한동대학교,본교,기존,사립,경북 포항시 북구 흥해읍 한동대학교,www.handong.edu
일반대학,강원,한라대학교,본교,기존,사립,강원 원주시 흥업면 한라대길 28 ,www.halla.ac.kr
일반대학,강원,한림대학교,본교,기존,사립,강원 춘천시 한림대학길 1 한림대학교,www.hallym.ac.kr
일반대학,충남,한서대학교,본교,기존,사립,충남 서산시 해미면 한서대학교,www.hanseo.ac.kr
일반대학,서울,한성대학교,본교,기존,사립,서울 성북구 삼선동3가 389 한성대학교,www.hansung.ac.kr
일반대학,경기,한세대학교,본교,기존,사립,경기 군포시 당정동 한세대학교,www.hansei.ac.kr
일반대학,경기,한신대학교,본교,기존,사립,경기 오산시 양산동 한신대학교,www.hs.ac.kr
일반대학,서울,한양대학교,본교,기존,사립,서울특별시 성동구 왕십리로 222 ,www.hanyang.ac.kr
일반대학,경기,한양대학교,분교1,기존,사립,경기 안산시 사3동 한양대학교,www.hanyang.ac.kr
일반대학,서울,한영신학대학교,본교,기존,사립,서울 구로구 경인로 290-42  한영신학대학교,www.hytu.ac.kr
일반대학,전북,한일장신대학교,본교,기존,사립,전북 완주군 상관면 신리694-1,www.hanil.ac.kr
일반대학,경기,협성대학교,본교,기존,사립,경기 화성시 봉담읍 상리 협성대학교 ,www.uhs.ac.kr
일반대학,광주,호남대학교,본교,기존,사립,광주 광산구 서봉동 59-1 호남대학교 광산캠퍼스,www.honam.ac.kr
일반대학,광주,호남신학대학교,본교,기존,사립,광주 남구 양림동 호남신학대학교,www.htus.ac.kr
일반대학,충남,호서대학교,본교,기존,사립,충남 아산시 배방읍 세출리 165번지 호서대학교,www.hoseo.ac.kr
일반대학,서울,홍익대학교,본교,기존,사립,서울특별시 마포구 와우산로 94(상수동),www.hongik.ac.kr/
일반대학,세종,홍익대학교 세종캠퍼스,분교1,기존,사립,세종특별자치시 조치원읍 세종로 2639 (신안리 300),jochiwon.hongik.ac.kr
일반대학,충북,꽃동네대학교,본교,기존,사립,충북 청원군 현도면 상삼길 133,www.kkot.ac.kr
일반대학,광주,남부대학교,본교,기존,사립,광주 광산구 월계동 864-1,www.nambu.ac.kr
일반대학,전북,예원예술대학교,본교,기존,사립,전북 임실군 신평면 창인리 271,www.yewon.ac.kr
일반대학,전북,예원예술대학교 전주캠퍼스,제2캠퍼스,기존,사립,전북 전주시 덕진구 호성동1가 681-15,www.yewon.ac.kr
일반대학,강원,한중대학교,본교,기존,사립,강원 동해시 지흥동 산119 한중대학교,www.HANZHONG.ac.kr
일반대학,전남,목포가톨릭대학교,본교,기존,사립,전남 목포시 석현동 894-1 목포가톨릭대학교,http://www.mcu.ac.kr
일반대학,경남,부산장신대학교,본교,기존,사립,경남 김해시 김해대로 1894-68(구산동764번지),www.bpu.ac.kr
일반대학,충남,금강대학교,본교,기존,사립,충남 논산시 상월면 대명리 14-9,www.ggu.ac.kr
일반대학,경북,대구외국어대학교,본교,기존,사립,경북 경산시 남천면 남천로 730  대구외국어대학교 ,www.dufs.ac.kr
일반대학,전북,예수대학교,본교,기존,사립,전북 전주시 완산구 중화산동1가 예수대학교,www.jesus.ac.kr
일반대학,경남,한국국제대학교,본교,기존,사립,경남 진주시 문산읍 상문리 산270,www.iuk.ac.kr
일반대학,경기,한북대학교,본교,기존,사립,경기 동두천시 상패동 한북대학교,www.hanbuk.ac.kr
일반대학,광주,광주대학교,본교,기존,사립,광주 남구 진월동 광주대학교,www.gwangju.ac.kr
일반대학,대구,경북외국어대학교,본교,기존,사립,대구 북구 동호동 151번지,www.kufs.ac.kr
일반대학,경기,신경대학교,본교,기존,사립,경기 화성시 남양동 신경대학교 ,www.sgu.ac.kr/
일반대학,부산,동명대학교,본교,기존,사립,부산 남구 용당동 동명대학교,tu.ac.kr
일반대학,경남,영산대학교,본교,기존,사립,경남 양산시 웅상읍 주남리 산150,www.ysu.ac.kr
일반대학,부산,영산대학교,제2캠퍼스,기존,사립,부산 해운대구 반송3동,www.ysu.ac.kr
일반대학,대전,대전신학대학교,본교,기존,사립,대전 대덕구 오정동 226-22,www.daejeon.ac.kr
일반대학,충북,중원대학교,본교,기존,사립,충북 괴산군 괴산읍 동부리  5번지,http://www.jwu.ac.kr
일반대학,대전,우송대학교,본교,기존,사립,대전 동구 자양동 우송대학교 17-2,www.woosong.ac.kr
일반대학,경북,김천대학교,본교,기존,사립,경북 김천시 대학로 214 김천대학교,http://www.gimcheon.ac.kr
일반대학,전남,한려대학교,본교,기존,사립,전남 광양시 한려대길 94-13 (덕례리 1268-1번지),www.hanlyo.ac.kr
일반대학,광주,송원대학교,본교,기존,사립,광주 남구 송암로 73,www.songwon.ac.kr
일반대학,경북,경운대학교,본교,기존,사립,경북 구미시 산동면 강동로 730번지,http://www.ikw.ac.kr
일반대학,충남,남서울대학교,본교,기존,사립,충남 천안시 성환읍 남서울대학교 ,http://www.nsu.ac.kr
일반대학,전남,초당대학교,본교,기존,사립,전남 무안군 무안읍 성남리 초당대학교 ,www.chodang.ac.kr
일반대학,경기,한국산업기술대학교,본교,기존,사립,경기 시흥시 정왕1동 한국산업기술대학교 산기대학로 237 (정왕동),www.kpu.ac.kr
일반대학,제주,제주국제대학교,본교,기존,사립,제주 제주시 516로 2870(영평동) ,www.jeju.ac.kr
일반대학,경남,창신대학교,본교,학제 변경,사립,경남 마산시 합성2동 창신대학교,www.cs.ac.kr
일반대학,울산,울산과학기술대학교,본교,기존,국립대법인,울산 울주군 언양읍 반연리 유니스트길 50,www.unist.ac.kr
일반대학,대전,한국과학기술원,본교,기존,특별법법인,대전 유성구 대학로 291 한국과학기술원 ,
일반대학,광주,광주과학기술원,본교,기존,특별법법인,광주 북구 오룡동 광주과학기술원 ,www.gist.ac.kr
방송통신대학,서울,한국방송통신대학교,본교,기존,국립,서울 종로구 동숭동 한국방송통신대학교,www.knou.ac.kr
산업대학,대전,한밭대학교,본교,폐교,국립,대전 유성구 덕명동 산16-1 한밭대학교 ,www.hanbat.ac.kr
산업대학,서울,서울과학기술대학교,본교,폐교,국립,서울시 노원구 공릉로 232 서울과학기술대학교,www.seoultech.ac.kr
산업대학,경기,한경대학교,본교,폐교,국립,경기 안성시 중앙로 327 (석정동),www.hknu.ac.kr
산업대학,경남,진주산업대학교,본교,폐교,국립,경남 진주시 동진로 33 경남과학기술대학교,www.gntech.ac.kr
산업대학,충북,한국교통대학교,본교,폐교,국립,충북 충주시 대소원면 대학로 50,www.ut.ac.kr
산업대학,경기,한국산업기술대학교,본교,폐교,사립,경기 시흥시 정왕1동 한국산업기술대학교 ,www.kpu.ac.kr
산업대학,광주,광주대학교(산업대),본교,폐교,사립,광주 남구 진월동 광주대학교,www.gwangju.ac.kr
산업대학,충남,남서울대학교,본교,폐교,사립,충남 천안시 성환읍 남서울대학교,http://www.nsu.ac.kr
산업대학,부산,동명정보대학교,본교,폐교,사립,부산 남구 용당동 동명정보대학교,
산업대학,경남,영산대학교(산업대),본교,폐교,사립,경남 양산시 웅상읍 주남리 영산대학교양산캠퍼스,http://www.ysu.ac.kr
산업대학,부산,영산대학교(산업대),제2캠퍼스,폐교,사립,부산 해운대구 반송3동 영산대학교부산캠퍼스,http://www.ysu.ac.kr
산업대학,대전,우송대학교,본교,폐교,사립,대전 동구 자양동 우송대학교,www.wsu.ac.kr
산업대학,전북,호원대학교,본교,기존,사립,전북 군산시 임피면 호원대학교,www.howon.ac.kr
산업대학,전남,초당대학교,본교,폐교,사립,전남 무안군 무안읍 성남리 초당대학교,www.chodang.ac.kr
산업대학,충남,청운대학교,본교,기존,사립,충남 홍성군 홍성읍 대학길 25,www.chungwoon.ac.kr
산업대학,경북,경운대학교,본교,폐교,사립,경북 구미시 산동면 강동로 730번지,www.ikw.ac.kr
산업대학,전남,한려대학교,본교,폐교,사립,전남 광양시 광양읍 한려대길 94-13 (덕례리 1268-1번지),www.hanlyo.ac.kr
기술대학,서울,정석대학,본교,기존,사립,서울 강서구 오정로576(공항동),
각종대학(전문),경기,구세군사관학교,본교,기존,사립,경기 과천시 중앙동 83-2번지,http://www.saotc.ac.kr
각종대학(대학),대전,대전신학교,본교,폐교,사립,대전 대덕구 오정동 226-22,www.daejeon.ac.kr
각종대학(대학),충남,한민학교,본교,기존,사립,충남 논산시 연산면 신양리 14-2,www.hanmin.ac.kr
각종대학(대학),충북,순복음총회신학교,본교,기존,사립,충북 제천시 덕산면 도전리 486,www.kcc.ac.kr
각종대학(대학),서울,한국예술종합학교,본교,기존,특별법국립,서울 성북구 석관동 ,
각종대학(대학),충남,한국전통문화대학교,본교,학교명 변경,국립,충남 부여군 규암면 합정리 ,www.nuch.ac.kr
원격대학(전문),경기,세계사이버대학,본교,기존,사립,경기 광주시 오포읍 신현리,www.world.ac.kr
원격대학(대학),경북,영남사이버대학교,본교,기존,사립,경북 경산시 남천면 협석리 220-1,http://www.yncu.ac.kr
사내대학(전문),경남,삼성중공업공과대학,본교,기존,사립,경남 거제시 신현읍 삼성중공업거제조선소 기술연수원 내,
사내대학(전문),서울,SPC식품과학대학,본교,기존,사립,서울 동작구 신대방동 593번지,http://www.spc.co.kr
사내대학(전문),경남,대우조선해양공과대학,본교,신설,사립,경남 거제시 아주동 대우조선해양(주) ,
사내대학(전문),울산,현대중공업공과대학,본교,신설,사립,울산 동구 전하동 1번지,
사내대학(대학),경기,삼성전자공과대학교,본교,기존,사립,경기 용인시 기흥구 농서동 산24,
사내대학(대학),서울,KDB금융대학교,본교,신설,특별법법인,서울 영등포구 은행로 14 ,
사내대학(대학),대전,LH토지주택대학교,본교,신설,특별법법인,대전광역시 유성구 엑스포로 539번지길 99,lhu.lh.or.kr
사이버대학(대학),서울,경희사이버대학교,본교,기존,사립,서울 동대문구 회기동 1번지 경희사이버대학교,www.khcu.ac.kr
사이버대학(대학),경기,국제사이버대학교,본교,기존,사립,경기 수원시 팔달구 인계동 950-12,www.gcu.ac
사이버대학(대학),경북,대구사이버대학교,본교,기존,사립,경북 경산시 진량읍 내리리 15번지 대구사이버대학교,www.dcu.ac.kr
사이버대학(대학),부산,부산디지털대학교,본교,기존,사립,부산 사상구 주례동,www.bdu.ac.kr
사이버대학(대학),서울,서울디지털대학교,본교,기존,사립,서울 마포구 도화동 560번지,www.sdu.ac.kr
사이버대학(대학),서울,서울사이버대학교,본교,기존,사립,서울 강북구 솔매로49길 60(미아동 193-15) 서울사이버대학교,www.iscu.ac.kr
사이버대학(대학),서울,세종사이버대학교 ,본교,기존,사립,서울 광진구 군자동 ,http://sjcu.ac.kr/
사이버대학(대학),서울,열린사이버대학교,본교,기존,사립,서울 종로구 경운동 운현궁SK허브 102동 3층,www.ocu.ac.kr
사이버대학(대학),전북,원광디지털대학교,본교,기존,사립,전북 익산시 익산대로 460(신용동 원광디지털대학교),http://www.wdu.ac.kr
사이버대학(대학),서울,고려사이버대학교,본교,기존,사립,서울 종로구 계동 1-21,www.cyberkorea.ac.kr
사이버대학(대학),서울,숭실사이버대학교,본교,학교명 변경,사립,서울 종로구 삼일대로 30길 ,www.kcu.ac
사이버대학(대학),서울,디지털서울문화예술대학교,본교,기존,사립,서울시 서대문구 통일로 37길 60 (홍제동 318-18),www.scau.ac.kr
사이버대학(대학),서울,한양사이버대학교,본교,기존,사립,서울 성동구 왕십리로 222,http://www.hanyangcyber.ac.kr
사이버대학(대학),서울,사이버한국외국어대학교,본교,기존,사립,서울 동대문구 이문동 한국외국어대학교,www.cufs.ac.kr
사이버대학(대학),부산,화신사이버대학교,본교,기존,사립,부산 연제구 연산9동 411-2번지,www.hscu.ac.kr
사이버대학(대학),충남,글로벌사이버대학교,본교,기존,사립,충남 천안시 동남구 목천읍 교천지산길 284-88 (지산리 189-4번지),http://www.global.ac.kr
사이버대학(대학),대전,건양사이버대학교,본교,기존,사립,대전 서구 관저동로 158,www.kycu.ac.kr
사이버대학(전문),대구,영진사이버대학,본교,기존,사립,대구 북구 복현2동 영진전문대학 218,www.ycc.ac.kr
사이버대학(전문),경북,한국복지사이버대학,본교,기존,사립,경북 경산시 남천면 협석리 140번지,http://www.corea.ac.kr/
전공대학,서울,국제예술대학,본교,기존,사립,서울 강남구 논현동 79,http://www.kica.ac.kr
전공대학,서울,백석예술대학교,본교,기존,사립,서울 서초구 방배로9길 23 백석예술대학교,www.bau.ac.kr
전공대학,서울,정화예술대학,본교,기존,사립,서울 중구 남산동 1가 8-1,http://www.jb.ac.kr
전공대학,서울,정화예술대학,제2캠퍼스,기존,사립,서울 중구 회현동 1가 100-48,http://www.jb.ac.kr
기능대학,경기,한국정보통신기능대학,본교,기존,사립,경기 광주시 역동 한국정보통신기능대학 ,http://www.icpc.ac.kr
기능대학,서울,한국폴리텍Ⅰ대학 서울정수캠퍼스,본교,기존,사립,서울 용산구 보광로 73(보광동 238),http://jungsu.kopo.ac.kr
기능대학,서울,한국폴리텍 I 대학 서울강서캠퍼스,본교,기존,사립,서울 강서구 화곡동 산60-1,http://kangseo.kopo.ac.kr
기능대학,경기,한국폴리텍 I 대학 성남캠퍼스,본교,기존,사립,경기 성남시 수정구 산성동 한국폴리텍I대학성남캠퍼스 ,http://seongnam.kopo.ac.kr/
기능대학,인천,한국폴리텍 II 대학 인천캠퍼스,본교,기존,사립,인천 부평구 구산동 무네미로 448번길 ,http://www.kopo.ac.kr
기능대학,인천,한국폴리텍 II 대학 남인천캠퍼스,본교,폐교,사립,인천 남구 주안5동  1389-2,
기능대학,강원,한국폴리텍 III 대학 춘천캠퍼스,본교,기존,사립,강원 춘천시 동산면 영서로 1290-31,chuncheon.kopo.ac.kr
기능대학,강원,한국폴리텍 III 대학 강릉캠퍼스,본교,기존,사립,강원 강릉시 남산초교길 121,http://gangneung.kopo.ac.kr
기능대학,대전,한국폴리텍IV 대학 대전캠퍼스,본교,기존,사립,대전 동구 우암로 352-21,www.kopo.ac.kr
기능대학,충북,한국폴리텍 IV 대학 청주캠퍼스,본교,기존,사립,충북 청주시 흥덕구 송정동 47번지 한국폴리텍IV대학 청주캠퍼스,cheongju.kopo.ac.kr
기능대학,충남,한국폴리텍 IV 대학 아산캠퍼스,본교,기존,사립,충남 아산시 신창면 행목리 323번지,http://asan.kopo.ac.kr/
기능대학,충남,한국폴리텍 IV 대학 홍성캠퍼스,본교,기존,사립,충남 홍성군 홍성읍 충서로 1200번(남장리 221-1),http://hongseong.kopo.ac.kr/
기능대학,광주,한국폴리텍V대학 광주캠퍼스,본교,기존,사립,광주 북구 운암동 58-1번지,gwangju.kopo.ac.kr
기능대학,전북,한국폴리텍 V 대학 김제캠퍼스,본교,기존,사립,전북 김제시 백학동  84번지,gimje.kopo.ac.kr
기능대학,전남,한국폴리텍V대학 목포캠퍼스,본교,기존,사립,전남 무안군 청계면 영산로 1854-16번지,www.kopo.ac.kr
기능대학,전북,한국폴리텍대학 익산캠퍼스,본교,기존,사립,전북 익산시 어양동 16번지,iksan.kopo.ac.kr
기능대학,대구,한국폴리텍대학 대구캠퍼스,본교,기존,사립,대구 서구 평리5동  1495번지,http://daegu.kopo.ac.kr
기능대학,경북,한국폴리텍대학 구미캠퍼스,본교,기존,사립,경북 구미시 수출대로3길 84,http://gumi.kopo.ac.kr/
기능대학,경남,한국폴리텍대학 창원캠퍼스,본교,기존,사립,경남 창원시 중앙동 한국폴리텍대학 창원캠퍼스,http://changwon.kopo.ac.kr
기능대학,부산,한국폴리텍Ⅶ대학 부산캠퍼스,본교,기존,사립,부산 북구 덕천1동 한국폴리텍Ⅶ대학 부산캠퍼스,http://busan.kopo.ac.kr
기능대학,울산,한국폴리텍 VII 대학 울산캠퍼스,본교,기존,사립,울산 중구 동동 81번지 한국폴리텍VII대학 울산캠퍼스,www.ulsan.kopo.ac.kr
기능대학,충남,한국폴리텍대학바이오캠퍼스,본교,기존,사립,충남 논산시 강경읍 동안로 112번길 48,http://bio.kopo.ac.kr
기능대학,대구,한국폴리텍 섬유패션캠퍼스,본교,기존,사립,대구 동구 봉무동 1558번지,http://tf.kopo.ac.kr
기능대학,경기,한국폴리텍대학 안성여자캠퍼스,본교,학교명 변경,사립,경기 안성시 공도읍 송원길 41-12(만정리 349-6),http://women.kopo.ac.kr
기능대학,경남,한국폴리텍대학 항공캠퍼스,본교,학교명 변경,사립,경남 사천시 이금동 438번지 ,http://kapc.kopo.ac.kr
